{
  "benchmark_type": "accuracy",
  "dataset_name": "ai4privacy/pii-masking-300k",
  "split_name": "train",
  "sample_size": 30,
  "seed": 42,
  "language_filter": "English",
  "include_llm": true,
  "iou_threshold": 0.5,
  "row_duration_seconds": {
    "count": 30,
    "min": 3.7284932999755256,
    "max": 120.87270010000793,
    "mean": 11.473376580003727,
    "median": 6.667655600031139,
    "p90": 13.065968840033747,
    "p95": 14.150838424987157
  },
  "all_label_metrics": {
    "tp": 10,
    "fp": 38,
    "fn": 184,
    "precision": 0.20833333333333334,
    "recall": 0.05154639175257732,
    "f1": 0.08264462809917354
  },
  "capability_slice_metrics": {
    "tp": 10,
    "fp": 20,
    "fn": 32,
    "precision": 0.3333333333333333,
    "recall": 0.23809523809523808,
    "f1": 0.2777777777777778
  }
}
